NVDA,SPCE,ABAT,BB,GME,GRRR,MAXN,TOMZ
112.24000,6.72500,1.00000,2.41500,23.95000,2.84000,0.21190,0.73990
