NVDA,SPCE,ABAT,BB,GME,GRRR,MAXN,TOMZ
113.06000,7.45000,1.01000,2.48000,24.13000,2.87000,0.21300,0.75980
