NVDA,SPCE,ABAT,BB,GME,GRRR,MAXN,TOMZ,XAU/USD
107.27000,6.01000,0.99400,2.22000,21.07000,2.39000,0.16600,0.67000,2452.80000
