NVDA,SPCE,ABAT,BB,GME,GRRR,MAXN,TOMZ
115.91300,6.55500,0.97890,2.42500,24.21000,2.91000,0.20540,0.76900
